S1A_EW_GRDM_1SDH_20210531T074523_20210531T074627_038129_048001_E439,https://scihub.copernicus.eu/dhus/odata/v1/Products('b36b5b09-ab3f-47ff-aa2d-83197f972698')
S1A_EW_GRDM_1SDH_20210531T074627_20210531T074727_038129_048001_9EA2,https://scihub.copernicus.eu/dhus/odata/v1/Products('4f533c5d-700c-4009-8502-59fc3ed2b276')
S1B_EW_GRDM_1SDH_20210531T065558_20210531T065658_027145_033E15_7F04,https://scihub.copernicus.eu/dhus/odata/v1/Products('9d78bb3f-2f29-48c0-a788-f0b2b527baa9')
S1B_EW_GRDM_1SDH_20210531T065758_20210531T065858_027145_033E15_F477,https://scihub.copernicus.eu/dhus/odata/v1/Products('c2918366-610d-417c-98ac-8b74da091e6e')
S1B_EW_GRDM_1SDH_20210531T065358_20210531T065458_027145_033E15_E0CE,https://scihub.copernicus.eu/dhus/odata/v1/Products('fe990421-ffa2-4e65-9b2e-9fd497cc6740')
S1B_EW_GRDM_1SDH_20210531T065658_20210531T065758_027145_033E15_8167,https://scihub.copernicus.eu/dhus/odata/v1/Products('ec0f9fed-b946-4836-b938-bd56377003fb')
S1B_EW_GRDM_1SDH_20210531T065154_20210531T065258_027145_033E15_5772,https://scihub.copernicus.eu/dhus/odata/v1/Products('9848ce3e-bb34-4b03-84b2-597b1f767b35')
S1B_EW_GRDM_1SDH_20210531T065858_20210531T065923_027145_033E15_4509,https://scihub.copernicus.eu/dhus/odata/v1/Products('9f80e603-0b99-4335-a205-aa5a67e8a537')
S1B_EW_GRDM_1SDH_20210531T065458_20210531T065558_027145_033E15_F2A3,https://scihub.copernicus.eu/dhus/odata/v1/Products('87b8aede-3814-45cc-a1c5-86930c26d7cb')
S1B_EW_GRDM_1SDH_20210531T051751_20210531T051851_027144_033E0F_E50F,https://scihub.copernicus.eu/dhus/odata/v1/Products('c9d087cb-1200-451a-9aee-dc7b58b7a68b')
S1B_EW_GRDM_1SDH_20210531T051851_20210531T051925_027144_033E0F_DFFA,https://scihub.copernicus.eu/dhus/odata/v1/Products('8518e57e-2790-4de1-89fd-9d93bd6ffdd5')
S1B_EW_GRDM_1SDH_20210531T051547_20210531T051651_027144_033E0F_7F37,https://scihub.copernicus.eu/dhus/odata/v1/Products('f3c26213-8179-4f20-b654-82e537b223b7')
S1B_EW_GRDM_1SDH_20210531T051651_20210531T051751_027144_033E0F_F700,https://scihub.copernicus.eu/dhus/odata/v1/Products('39593575-27c0-4ad4-ba43-94b48f761645')
S1B_EW_GRDM_1SDH_20210531T015814_20210531T015914_027142_033DFE_04AA,https://scihub.copernicus.eu/dhus/odata/v1/Products('0a518d65-d609-41af-867b-adb9815b2fe4')
S1B_EW_GRDM_1SDH_20210531T015609_20210531T015714_027142_033DFE_AE8D,https://scihub.copernicus.eu/dhus/odata/v1/Products('7b6355a0-6525-4f04-b534-24daf0b9924d')
S1B_EW_GRDM_1SDH_20210531T015914_20210531T015954_027142_033DFE_062B,https://scihub.copernicus.eu/dhus/odata/v1/Products('ebcde0a5-d355-4f4c-94e6-6201d0835452')
S1B_EW_GRDM_1SDH_20210531T015714_20210531T015814_027142_033DFE_0714,https://scihub.copernicus.eu/dhus/odata/v1/Products('5577e7c3-ef8c-4963-b25c-d95585247cfd')
S1A_EW_GRDM_1SDH_20210531T042805_20210531T042910_038127_047FF1_E9E2,https://scihub.copernicus.eu/dhus/odata/v1/Products('9794a6cf-4140-4944-bab3-21959d1a0852')
S1A_EW_GRDM_1SDH_20210530T215306_20210530T215410_038123_047FD3_B96B,https://scihub.copernicus.eu/dhus/odata/v1/Products('8107ef9e-16eb-4312-803b-fc4087fd1ec4')
S1A_EW_GRDM_1SDH_20210530T215410_20210530T215522_038123_047FD3_6F67,https://scihub.copernicus.eu/dhus/odata/v1/Products('a1b7f082-bfe5-4a2b-9f74-084f5ac0c513')
S1A_EW_GRDM_1SDH_20210531T042910_20210531T043010_038127_047FF1_E88A,https://scihub.copernicus.eu/dhus/odata/v1/Products('116a4d88-fce4-45f7-8415-f9913ce05664')
